Ticket #,Symbol,Volume,Open Date,Close Date,Sold,Bought,Direction,Gross P/L,Comm,Dividends,Rollover,Adj,Net P/L,Buy Condition,Sell Condition,Created By
51979907,EUR/USD,10000,11/14/2012 03:47:00,11/14/2012 04:45:00,1.27355,1.27507,Short,-15.2,0,0,0,0,-15.2,LE,SE,3000047258
52077875,EUR/USD,13000,11/20/2012 05:35:00,11/20/2012 08:15:00,1.2817,1.28141,Short,3.77,0,0,0,0,3.77,LE,SE,3000047258
52101307,EUR/USD,10000,11/20/2012 23:15:00,11/20/2012 23:15:00,1.2737,1.2747,Long,-10,0,0,0,0,-10,LE,SE,3000047258
52162030,AUD/USD,13000,11/26/2012 04:34:00,11/26/2012 17:04:00,1.04713,1.04439,Long,35.62,0,0,0.74,0,36.36,LE,LE,3000047258
52181387,EUR/USD,6000,11/29/2012 09:59:00,11/29/2012 20:19:00,1.30001,1.29839,Short,9.72,0,0,0.04,0,9.76,LE,SE,3000047258
52300004,EUR/USD,13000,12/03/2012 21:34:00,12/04/2012 02:42:00,1.30742,1.30482,Long,33.8,0,0,0,0,33.8,LE,LE,3000047258
52281219,EUR/USD,9000,12/04/2012 03:44:00,12/04/2012 06:39:00,1.30808,1.308,Short,0.72,0,0,0,0,0.72,LE,SE,3000047258
52308662,AUD/USD,15000,12/04/2012 07:47:00,12/05/2012 07:44:00,1.04763,1.04758,Short,0.75,0,0,-1.64,0,-0.89,LE,SE,3000047258
52323932,EUR/JPY,19000,12/05/2012 06:51:00,12/05/2012 07:21:00,107.272,107.358,Long,-19.89,0,0,0,0,-19.89,LE,SE,3000047258
52415111,USD/CAD,18000,12/10/2012 20:47:00,12/11/2012 04:16:00,0.98696,0.98777,Short,-14.76,0,0,0,0,-14.76,Mkt,SE,3000047258
52435199,EUR/JPY,24000,12/11/2012 19:00:00,12/11/2012 19:02:00,107.318,107.381,Long,-18.32,0,0,0,0,-18.32,LE,SE,3000047258
52339496,EUR/JPY,15000,12/12/2012 05:35:00,12/12/2012 07:10:00,107.924,108.02,Short,-17.38,0,0,0,0,-17.38,LE,SE,3000047258
53029685,AUD/USD,11000,01/15/2013 21:10:00,01/16/2013 00:11:00,1.05559,1.0566,Long,-11.11,0,0,0,0,-11.11,Mkt,SE,3000047258
53100595,EUR/USD,11000,01/17/2013 20:33:00,01/17/2013 20:58:00,1.33655,1.33755,Short,-11,0,0,0,0,-11,Mkt,SE,3000047258
53205869,EUR/USD,14000,01/23/2013 04:16:00,01/23/2013 04:20:00,1.33158,1.33057,Long,14.14,0,0,0,0,14.14,Mkt,Mkt,3000047258
53207225,EUR/USD,14000,01/23/2013 05:04:00,01/23/2013 05:18:00,1.33348,1.33459,Long,-15.54,0,0,0,0,-15.54,Mkt,SE,3000047258
53207645,EUR/USD,14000,01/23/2013 05:33:00,01/23/2013 05:47:00,1.33333,1.33278,Short,7.7,0,0,0,0,7.7,Mkt,SE,3000047258
53238318,EUR/USD,14000,01/24/2013 03:44:00,01/24/2013 03:45:00,1.33154,1.33192,Short,-5.32,0,0,0,0,-5.32,Mkt,Mkt,3000047258
53238783,EUR/USD,14000,01/24/2013 04:10:00,01/24/2013 04:16:00,1.33334,1.33301,Long,4.62,0,0,0,0,4.62,Mkt,SE,3000047258
53239394,EUR/USD,14000,01/24/2013 04:34:00,01/24/2013 04:51:00,1.33257,1.33235,Short,3.08,0,0,0,0,3.08,Mkt,SE,3000047258
53239715,EUR/USD,14000,01/24/2013 05:00:00,01/24/2013 05:10:00,1.33167,1.33269,Short,-14.28,0,0,0,0,-14.28,Mkt,SE,3000047258
53239954,EUR/USD,14000,01/24/2013 05:16:00,01/24/2013 05:29:00,1.33203,1.33304,Short,-14.14,0,0,0,0,-14.14,Mkt,SE,3000047258
53262834,AUD/USD,14000,01/24/2013 19:30:00,01/24/2013 20:18:00,1.04453,1.0455,Short,-13.58,0,0,0,0,-13.58,Mkt,SE,3000047258
53273549,NZD/USD,1000,01/25/2013 04:29:00,01/25/2013 04:32:00,0.8375,0.8385,Long,-1,0,0,0,0,-1,Mkt,SE,3000047258
53273721,NZD/USD,1000,01/25/2013 04:32:00,01/25/2013 04:54:00,0.83753,0.83856,Short,-1.03,0,0,0,0,-1.03,Mkt,SE,3000047258
53274204,EUR/USD,14000,01/25/2013 04:48:00,01/25/2013 04:56:00,1.34319,1.34366,Long,-6.58,0,0,0,0,-6.58,Mkt,Mkt,3000047258
53275125,EUR/USD,7000,01/25/2013 05:24:00,01/25/2013 05:32:00,1.34309,1.34412,Long,-7.21,0,0,0,0,-7.21,Mkt,SE,3000047258
53308448,EUR/USD,14000,01/28/2013 03:39:00,01/28/2013 03:42:00,1.34392,1.34388,Long,0.56,0,0,0,0,0.56,Mkt,Mkt,3000047258
53308908,EUR/USD,14000,01/28/2013 04:03:00,01/28/2013 04:13:00,1.34308,1.34409,Short,-14.14,0,0,0,0,-14.14,Mkt,SE,3000047258
53310187,EUR/USD,14000,01/28/2013 05:16:00,01/28/2013 05:50:00,1.34472,1.34518,Short,-6.44,0,0,0,0,-6.44,Mkt,Mkt,3000047258
53338453,EUR/USD,14000,01/29/2013 03:36:00,01/29/2013 03:37:00,1.3448,1.34583,Short,-14.42,0,0,0,0,-14.42,Mkt,SE,3000047258
53338470,EUR/USD,14000,01/29/2013 03:37:00,01/29/2013 03:59:00,1.34565,1.3456,Short,0.7,0,0,0,0,0.7,Mkt,Mkt,3000047258
53339348,EUR/USD,7000,01/29/2013 04:40:00,01/29/2013 04:52:00,1.34402,1.34505,Long,-7.21,0,0,0,0,-7.21,Mkt,SE,3000047258
53339864,EUR/USD,5000,01/29/2013 05:21:00,01/29/2013 05:30:00,1.34518,1.3445,Short,3.4,0,0,0,0,3.4,Mkt,Mkt,3000047258
53340230,EUR/USD,10000,01/29/2013 05:46:00,01/29/2013 05:48:00,1.34276,1.34378,Long,-10.2,0,0,0,0,-10.2,Mkt,SE,3000047258
53357163,EUR/USD,5000,01/30/2013 05:48:00,01/30/2013 10:05:00,1.3545,1.35703,Short,-12.65,0,0,0,0,-12.65,LE,SE,3000047258
53397553,EUR/USD,6000,01/31/2013 03:49:00,01/31/2013 03:52:00,1.35521,1.3552,Short,0.06,0,0,0,0,0.06,Mkt,Mkt,3000047258
53397671,EUR/USD,6000,01/31/2013 03:56:00,01/31/2013 04:03:00,1.3552,1.3562,Long,-6,0,0,0,0,-6,Mkt,SE,3000047258
53398436,AUD/USD,10000,01/31/2013 04:46:00,01/31/2013 05:58:00,1.0423,1.04125,Short,10.5,0,0,0,0,10.5,Mkt,Mkt,3000047258
53473612,EUR/GBP,6000,02/04/2013 03:57:00,02/04/2013 05:48:00,0.86501,0.863,Short,18.98,0,0,0,0,18.98,Mkt,Mkt,3000047258
53474774,GBP/AUD,5000,02/04/2013 04:51:00,02/04/2013 08:23:00,1.50972,1.5072,Short,13.14,0,0,0,0,13.14,Mkt,Mkt,3000047258
53478017,USD/CAD,5000,02/04/2013 07:22:00,02/04/2013 10:18:00,0.99541,0.99815,Short,-13.73,0,0,0,0,-13.73,Mkt,SE,3000047258
53499265,EUR/JPY,9000,02/04/2013 19:52:00,02/04/2013 20:07:00,124.49,124.645,Short,-15.11,0,0,0,0,-15.11,Mkt,SE,3000047258
53500192,CAD/JPY,1000,02/04/2013 20:20:00,02/04/2013 21:29:00,92.512,92.669,Long,-1.7,0,0,0,0,-1.7,Mkt,SE,3000047258
53510209,EUR/GBP,9000,02/05/2013 03:48:00,02/05/2013 04:25:00,0.85777,0.85877,Long,-14.2,0,0,0,0,-14.2,Mkt,Mkt,3000047258
53512450,EUR/AUD,1000,02/05/2013 05:02:00,02/05/2013 05:17:00,1.29998,1.29944,Long,0.56,0,0,0,0,0.56,Mkt,Mkt,3000047258
53513511,EUR/CAD,1000,02/05/2013 05:45:00,02/05/2013 06:17:00,1.35322,1.3527,Long,0.52,0,0,0,0,0.52,Mkt,LE,3000047258
53541780,EUR/CAD,1000,02/05/2013 20:12:00,02/05/2013 20:42:00,1.35395,1.35341,Long,0.54,0,0,0,0,0.54,Mkt,LE,3000047258
53551806,EUR/USD,1000,02/06/2013 03:31:00,02/06/2013 04:13:00,1.35366,1.35439,Short,-0.73,0,0,0,0,-0.73,Mkt,Mkt,3000047258
53553194,EUR/GBP,1000,02/06/2013 04:46:00,02/06/2013 06:09:00,0.864,0.86342,Short,0.91,0,0,0,0,0.91,Mkt,Mkt,3000047258
53574887,EUR/AUD,1000,02/06/2013 19:45:00,02/06/2013 19:52:00,1.31181,1.31121,Long,0.62,0,0,0,0,0.62,Mkt,Mkt,3000047258
53582678,EUR/AUD,1000,02/07/2013 03:12:00,02/07/2013 03:16:00,1.31084,1.31032,Long,0.54,0,0,0,0,0.54,Mkt,LE,3000047258
53582975,USD/JPY,1000,02/07/2013 03:22:00,02/07/2013 03:24:00,93.692,93.633,Long,0.63,0,0,0,0,0.63,Mkt,LE,3000047258
53583812,AUD/USD,1000,02/07/2013 03:48:00,02/07/2013 04:37:00,1.03169,1.03231,Short,-0.62,0,0,0,0,-0.62,Mkt,Mkt,3000047258
53586138,EUR/AUD,1000,02/07/2013 05:25:00,02/07/2013 05:47:00,1.31288,1.31284,Long,0.04,0,0,0,0,0.04,Mkt,Mkt,3000047258
53659578,GBP/USD,1000,02/11/2013 03:31:00,02/11/2013 04:00:00,1.57555,1.57569,Short,-0.14,0,0,0,0,-0.14,Mkt,Mkt,3000047258
53660621,EUR/GBP,1000,02/11/2013 04:09:00,02/11/2013 04:15:00,0.85127,0.85067,Long,0.94,0,0,0,0,0.94,Mkt,LE,3000047258
53661237,USD/JPY,1000,02/11/2013 04:32:00,02/11/2013 04:50:00,93.195,93.175,Long,0.21,0,0,0,0,0.21,Mkt,Mkt,3000047258
53661240,USD/JPY,1000,02/11/2013 04:33:00,02/11/2013 04:50:00,93.195,93.16,Long,0.38,0,0,0,0,0.38,Mkt,Mkt,3000047258
53661243,USD/JPY,1000,02/11/2013 04:33:00,02/11/2013 04:50:00,93.195,93.14,Long,0.59,0,0,0,0,0.59,Mkt,Mkt,3000047258
53662029,EUR/USD,1000,02/11/2013 05:00:00,02/11/2013 05:32:00,1.33853,1.34001,Long,-1.48,0,0,0,0,-1.48,Mkt,SE,3000047258
53663563,CAD/JPY,1000,02/11/2013 06:03:00,02/11/2013 06:10:00,92.791,92.737,Long,0.58,0,0,0,0,0.58,Mkt,LE,3000047258
53697340,USD/JPY,1000,02/12/2013 04:08:00,02/12/2013 04:34:00,94.003,94.151,Long,-1.57,0,0,0,0,-1.57,Mkt,SE,3000047258
53698118,EUR/GBP,1000,02/12/2013 04:37:00,02/12/2013 05:50:00,0.86159,0.85901,Long,4.02,0,0,0,0,4.02,Mkt,LE,3000047258
53701109,EUR/USD,1000,02/12/2013 06:22:00,02/12/2013 06:47:00,1.34417,1.34544,Long,-1.27,0,0,0,0,-1.27,Mkt,SE,3000047258
53734623,GBP/USD,1000,02/13/2013 03:31:00,02/13/2013 03:58:00,1.565,1.56435,Short,0.65,0,0,0,0,0.65,Mkt,Mkt,3000047258
53736370,EUR/USD,1000,02/13/2013 05:13:00,02/13/2013 07:26:00,1.34913,1.34799,Long,1.14,0,0,0,0,1.14,Mkt,Mkt,3000047258
53765837,GBP/USD,1000,02/14/2013 03:15:00,02/14/2013 03:19:00,1.55099,1.55037,Short,0.62,0,0,0,0,0.62,Mkt,Mkt,3000047258
53765873,GBP/USD,1000,02/14/2013 03:18:00,02/14/2013 03:21:00,1.55015,1.54963,Short,0.52,0,0,0,0,0.52,Mkt,Mkt,3000047258
53766373,EUR/USD,1000,02/14/2013 03:34:00,02/14/2013 04:29:00,1.33966,1.3381,Short,1.56,0,0,0,0,1.56,Mkt,Mkt,3000047258
53789724,NZD/USD,1000,02/14/2013 18:58:00,02/14/2013 19:01:00,0.85094,0.85039,Short,0.55,0,0,0,0,0.55,Mkt,Mkt,3000047258
53789905,NZD/USD,1000,02/14/2013 19:05:00,02/14/2013 21:59:00,0.85038,0.85188,Short,-1.5,0,0,0,0,-1.5,Mkt,SE,3000047258
53840769,GBP/AUD,1000,02/18/2013 03:51:00,02/18/2013 03:58:00,1.50079,1.5024,Short,-1.66,0,0,0,0,-1.66,Mkt,SE,3000047258
53841304,GBP/AUD,1000,02/18/2013 04:23:00,02/18/2013 04:28:00,1.50181,1.50339,Short,-1.63,0,0,0,0,-1.63,Mkt,SE,3000047258
53841855,AUD/USD,1000,02/18/2013 04:41:00,02/18/2013 06:06:00,1.02861,1.0301,Short,-1.49,0,0,0,0,-1.49,Mkt,SE,3000047258
53855746,EUR/AUD,1000,02/18/2013 19:30:00,02/18/2013 19:31:00,1.29347,1.29514,Long,-1.72,0,0,0,0,-1.72,Mkt,SE,3000047258
53856036,AUD/CAD,1000,02/18/2013 19:40:00,02/18/2013 20:21:00,1.04335,1.04335,Short,0,0,0,0,0,0,LE,Mkt,3000047258
53856946,EUR/AUD,1000,02/18/2013 20:21:00,02/18/2013 20:21:00,1.29263,1.29276,Long,-0.13,0,0,0,0,-0.13,Mkt,Mkt,3000047258
53864091,EUR/USD,1000,02/19/2013 03:37:00,02/19/2013 04:01:00,1.33431,1.3358,Long,-1.49,0,0,0,0,-1.49,Mkt,SE,3000047258
53886466,EUR/AUD,1000,02/19/2013 20:07:00,02/19/2013 21:26:00,1.29805,1.29565,Short,2.48,0,0,0,0,2.48,LE,LE,3000047258
53922632,EUR/GBP,1000,02/21/2013 03:38:00,02/21/2013 04:05:00,0.86815,0.86958,Long,-2.17,0,0,0,0,-2.17,LE,SE,3000047258
53999245,GBP/AUD,1000,02/24/2013 20:45:00,02/24/2013 20:50:00,1.47135,1.47472,Short,-3.46,0,0,0,0,-3.46,LE,SE,3000047258
54052334,EUR/JPY,1000,02/25/2013 20:02:00,02/25/2013 21:34:00,121.083,121.07,Short,0.14,0,0,0,0,0.14,Mkt,Mkt,3000047258
54065378,EUR/JPY,1000,02/26/2013 03:23:00,02/26/2013 03:34:00,120.295,120.453,Long,-1.72,0,0,0,0,-1.72,Mkt,SE,3000047258
54068321,GBP/USD,1000,02/26/2013 05:03:00,02/26/2013 05:38:00,1.51749,1.51896,Long,-1.47,0,0,0,0,-1.47,Mkt,SE,3000047258
54069175,EUR/JPY,1000,02/26/2013 05:46:00,02/26/2013 05:55:00,120.412,120.21,Short,2.2,0,0,0,0,2.2,Mkt,LE,3000047258
54096494,EUR/JPY,1000,02/26/2013 19:25:00,02/26/2013 19:46:00,120.29,120.447,Long,-1.7,0,0,0,0,-1.7,Mkt,SE,3000047258
54097453,AUD/JPY,1000,02/26/2013 20:03:00,02/26/2013 20:12:00,94.003,93.742,Short,2.84,0,0,0,0,2.84,Mkt,Mkt,3000047258
54096268,EUR/JPY,1000,02/27/2013 14:22:00,02/27/2013 14:22:00,121.013,121.162,Short,-1.62,0,0,0,0,-1.62,LE,SE,3000047258
54135272,EUR/USD,1000,02/27/2013 19:11:00,02/27/2013 21:03:00,1.31495,1.31491,Long,0.04,0,0,0,0,0.04,Mkt,Mkt,3000047258
54146455,EUR/USD,1000,02/28/2013 04:06:00,02/28/2013 04:33:00,1.31347,1.31139,Short,2.08,0,0,0,0,2.08,Mkt,Mkt,3000047258
54171596,GBP/AUD,1000,02/28/2013 19:09:00,02/28/2013 19:19:00,1.48326,1.48475,Short,-1.52,0,0,0,0,-1.52,Mkt,SE,3000047258
54171985,GBP/JPY,1000,02/28/2013 19:36:00,02/28/2013 20:04:00,140.34,140.49,Long,-1.62,0,0,0,0,-1.62,Mkt,SE,3000047258
54244469,GBP/JPY,1000,03/04/2013 20:47:00,03/04/2013 21:00:00,141.276,141.431,Short,-1.66,0,0,0,0,-1.66,Mkt,SE,3000047258
54253331,EUR/USD,1000,03/05/2013 03:32:00,03/05/2013 03:45:00,1.30442,1.30545,Long,-1.03,0,0,0,0,-1.03,Mkt,Mkt,3000047258
54253575,EUR/USD,1000,03/05/2013 03:45:00,03/05/2013 03:48:00,1.30446,1.30506,Short,-0.6,0,0,0,0,-0.6,Mkt,Mkt,3000047258
54315367,EUR/USD,1000,03/07/2013 03:33:00,03/07/2013 04:07:00,1.30175,1.30149,Long,0.26,0,0,0,0,0.26,Mkt,SE,3000047258
54450782,GBP/AUD,1000,03/12/2013 20:09:00,03/12/2013 20:19:00,1.44209,1.44323,Short,-1.18,0,0,0,0,-1.18,SE,SE,3000047258
54802823,EUR/USD,1000,03/27/2013 10:12:00,03/28/2013 01:24:00,1.2793,1.2753,Long,4,0,0,-0.07,0,3.93,LE,LE,3000047258
54803001,EUR/USD,1000,04/04/2013 13:35:00,04/04/2013 13:45:00,1.29311,1.29467,Short,-1.56,0,0,0,0,-1.56,LE,SE,3000047258
56731507,NZD/JPY,1000,05/30/2013 21:02:00,05/31/2013 03:07:00,81.904,81.391,Short,5.09,0,0,0,0,5.09,Mkt,LE,3000047258
56725512,EUR/USD,7000,05/30/2013 23:20:00,05/31/2013 03:28:00,1.30183,1.30329,Long,-10.22,0,0,0,0,-10.22,LE,SE,3000047258
56751550,EUR/USD,1000,05/31/2013 09:31:00,05/31/2013 09:39:00,1.29901,1.29897,Short,0.04,0,0,0,0,0.04,LE,Mkt,3000047258
56752362,EUR/USD,1000,05/31/2013 09:45:00,05/31/2013 09:47:00,1.29802,1.29804,Short,-0.02,0,0,0,0,-0.02,Mkt,Mkt,3000047258
56805193,EUR/USD,5000,06/03/2013 11:15:00,06/03/2013 11:20:00,1.30891,1.31025,Short,-6.7,0,0,0,0,-6.7,LE,SE,3000047258
56805544,EUR/USD,5000,06/03/2013 11:16:00,06/04/2013 10:35:00,1.30855,1.3048,Short,18.75,0,0,0.02,0,18.77,Mkt,LE,3000047258
56821312,NZD/JPY,5000,06/03/2013 19:39:00,06/03/2013 20:14:00,80.559,80.745,Long,-9.33,0,0,0,0,-9.33,Mkt,SE,3000047258
56821313,NZD/JPY,5000,06/03/2013 19:39:00,06/03/2013 20:14:00,80.554,80.748,Long,-9.73,0,0,0,0,-9.73,Mkt,SE,3000047258
56868379,EUR/USD,8000,06/04/2013 23:56:00,06/05/2013 02:33:00,1.30931,1.3108,Short,-11.92,0,0,0,0,-11.92,LE,SE,3000047258
56868472,EUR/USD,8000,06/04/2013 23:56:00,06/05/2013 02:33:00,1.30931,1.3108,Short,-11.92,0,0,0,0,-11.92,LE,SE,3000047258
56931768,EUR/USD,5000,06/06/2013 10:11:00,06/06/2013 11:37:00,1.31712,1.31986,Short,-13.7,0,0,0,0,-13.7,LE,SE,3000047258
56931857,EUR/USD,5000,06/06/2013 10:11:00,06/06/2013 11:37:00,1.31712,1.31986,Short,-13.7,0,0,0,0,-13.7,LE,SE,3000047258
56948911,EUR/USD,5000,06/06/2013 13:08:00,06/06/2013 19:59:00,1.32417,1.32409,Long,0.4,0,0,-0.07,0,0.33,LE,Mkt,3000047258
56949067,EUR/USD,5000,06/06/2013 13:08:00,06/06/2013 19:59:00,1.32419,1.32415,Long,0.2,0,0,-0.07,0,0.13,LE,Mkt,3000047258
57049738,EUR/USD,5000,06/11/2013 10:19:00,06/11/2013 10:45:00,1.33017,1.32817,Short,10,0,0,0,0,10,LE,LE,3000047258
57049774,EUR/USD,5000,06/11/2013 10:19:00,06/12/2013 03:03:00,1.33017,1.33245,Short,-11.4,0,0,0.02,0,-11.38,LE,SE,3000047258
57135335,EUR/USD,4000,06/12/2013 10:48:00,06/12/2013 15:17:00,1.33371,1.33349,Short,0.88,0,0,0,0,0.88,LE,Mkt,3000047258
57135500,EUR/USD,4000,06/12/2013 10:48:00,06/12/2013 15:17:00,1.33371,1.33349,Short,0.88,0,0,0,0,0.88,LE,Mkt,3000047258
57168512,EUR/USD,4000,06/13/2013 08:30:00,06/13/2013 10:32:00,1.32796,1.3308,Long,-11.36,0,0,0,0,-11.36,LE,SE,3000047258
57168544,EUR/USD,4000,06/13/2013 08:30:00,06/13/2013 10:32:00,1.32793,1.3308,Long,-11.48,0,0,0,0,-11.48,LE,SE,3000047258
57205552,EUR/USD,4000,06/14/2013 03:52:00,06/14/2013 08:11:00,1.33024,1.33286,Long,-10.48,0,0,0,0,-10.48,LE,SE,3000047258
57205619,EUR/USD,4000,06/14/2013 03:52:00,06/14/2013 08:11:00,1.33024,1.33286,Long,-10.48,0,0,0,0,-10.48,LE,SE,3000047258
57237167,EUR/USD,4000,06/14/2013 08:39:00,06/14/2013 09:58:00,1.33252,1.32997,Long,10.2,0,0,0,0,10.2,LE,LE,3000047258
57237203,EUR/USD,4000,06/14/2013 08:39:00,06/14/2013 16:35:00,1.33439,1.32997,Long,17.68,0,0,0,0,17.68,LE,LE,3000047258
57332577,EUR/USD,16000,06/18/2013 17:00:00,06/19/2013 02:33:00,1.34051,1.33907,Long,23.04,0,0,0,0,23.04,LE,LE,3000047258
57360734,EUR/USD,9000,06/19/2013 14:05:00,06/19/2013 14:23:00,1.33316,1.33563,Long,-22.23,0,0,0,0,-22.23,LE,SE,3000047258
57432178,EUR/USD,17000,06/20/2013 20:16:00,06/20/2013 20:24:00,1.3217,1.3203,Long,23.8,0,0,0,0,23.8,LE,LE,3000047258
57454980,EUR/USD,16000,06/21/2013 08:47:00,06/21/2013 09:41:00,1.31623,1.31759,Short,-21.76,0,0,0,0,-21.76,LE,SE,3000047258
57469404,EUR/USD,1000,06/21/2013 13:50:00,06/21/2013 14:29:00,1.31547,1.31385,Short,1.62,0,0,0,0,1.62,LE,LE,3000047258
57515627,EUR/USD,22000,06/24/2013 13:00:00,06/24/2013 14:07:00,1.31358,1.30977,Long,83.82,0,0,0,0,83.82,Mkt,LE,3000047258
57547076,EUR/USD,20000,06/25/2013 12:50:00,06/25/2013 12:56:00,1.30948,1.31038,Short,-18,0,0,0,0,-18,LE,SE,3000047258
57584139,EUR/USD,13000,06/26/2013 08:56:00,06/26/2013 12:00:00,1.30497,1.30105,Short,50.96,0,0,0,0,50.96,LE,SE,3000047258
57606167,EUR/USD,6000,06/26/2013 22:02:00,06/27/2013 00:29:00,1.30286,1.30362,Short,-4.56,0,0,0,0,-4.56,LE,SE,3000047258
57710493,EUR/USD,21000,07/01/2013 13:39:00,07/01/2013 15:07:00,1.30633,1.30622,Short,2.31,0,0,0,0,2.31,LE,Mkt,3000047258
57734657,EUR/USD,1000,07/02/2013 08:51:00,07/02/2013 08:52:00,1.29941,1.29933,Long,0.08,0,0,0,0,0.08,LE,Mkt,3000047258
57746561,EUR/USD,23000,07/02/2013 14:39:00,07/02/2013 14:39:00,1.29788,1.29895,Long,-24.61,0,0,0,0,-24.61,LE,SE,3000047258
57878717,EUR/USD,8000,07/08/2013 10:00:00,07/09/2013 02:54:00,1.2871,1.28995,Short,-22.8,0,0,0.01,0,-22.79,LE,SE,3000047258
57927386,EUR/USD,19000,07/09/2013 14:19:00,07/09/2013 22:05:00,1.27837,1.27663,Short,33.06,0,0,0.02,0,33.08,LE,LE,3000047258
57950551,EUR/USD,8000,07/10/2013 10:56:00,07/10/2013 14:01:00,1.28503,1.28914,Short,-32.88,0,0,0,0,-32.88,LE,SE,3000047258
58028274,GBP/USD,8000,07/11/2013 14:54:00,07/11/2013 15:00:00,1.5172,1.52013,Short,-23.44,0,0,0,0,-23.44,LE,SE,3000047258
58181279,GBP/USD,15000,07/17/2013 14:01:00,07/17/2013 15:34:00,1.52148,1.52146,Long,0.3,0,0,0,0,0.3,LE,Mkt,3000047258
58181098,EUR/USD,28000,07/17/2013 14:32:00,07/17/2013 14:34:00,1.31179,1.31264,Long,-23.8,0,0,0,0,-23.8,LE,SE,3000047258
58214454,EUR/USD,18000,07/18/2013 13:42:00,07/18/2013 13:43:00,1.31045,1.31183,Short,-24.84,0,0,0,0,-24.84,Mkt,SE,3000047258
58285615,EUR/USD,2000,07/23/2013 05:37:00,07/23/2013 06:19:00,1.31784,1.31684,Long,2,0,0,0,0,2,LE,LE,3000047258
58312590,EUR/USD,2000,07/23/2013 21:30:00,07/23/2013 21:48:00,1.32086,1.32177,Long,-1.82,0,0,0,0,-1.82,LE,SE,3000047258
58347710,EUR/USD,1000,07/24/2013 11:05:00,07/24/2013 12:07:00,1.32145,1.32269,Long,-1.24,0,0,0,0,-1.24,Mkt,SE,3000047258
58562207,EUR/USD,13000,08/02/2013 08:30:00,08/02/2013 08:30:00,1.32524,1.32772,Short,-32.24,0,0,0,0,-32.24,LE,SE,3000047258
58634395,GBP/USD,12000,08/05/2013 10:09:00,08/06/2013 12:00:00,1.53606,1.53219,Long,46.44,0,0,0.11,0,46.55,LE,SE,3000047258
58633667,EUR/USD,18000,08/06/2013 09:18:00,08/06/2013 10:13:00,1.33042,1.32888,Long,27.72,0,0,0,0,27.72,LE,LE,3000047258
58675186,EUR/USD,18000,08/06/2013 11:00:00,08/06/2013 11:56:00,1.32987,1.33109,Long,-21.96,0,0,0,0,-21.96,Mkt,SE,3000047258
58714014,GBP/USD,5000,08/07/2013 10:14:00,08/07/2013 10:25:00,1.55194,1.5503,Short,8.2,0,0,0,0,8.2,LE,Mkt,3000047258
58715134,EUR/USD,12000,08/07/2013 10:14:00,08/07/2013 11:27:00,1.33226,1.33302,Short,-9.12,0,0,0,0,-9.12,LE,SE,3000047258
58715205,USD/CAD,12000,08/07/2013 10:14:00,08/08/2013 00:48:00,1.04145,1.04145,Long,0,0,0,-1.04,0,-1.04,Mkt,SE,3000047258
58749118,USD/CAD,11000,08/08/2013 09:56:00,08/08/2013 10:15:00,1.03776,1.03837,Long,-6.47,0,0,0,0,-6.47,LE,SE,3000047258
58819334,EUR/USD,21000,08/12/2013 14:06:00,08/12/2013 14:32:00,1.33058,1.32954,Long,21.84,0,0,0,0,21.84,LE,SE,3000047258
58832751,GBP/USD,17000,08/12/2013 21:57:00,08/12/2013 23:04:00,1.54535,1.54654,Short,-20.23,0,0,0,0,-20.23,Mkt,SE,3000047258
58856509,USD/CAD,30000,08/13/2013 21:25:00,08/13/2013 22:39:00,1.03529,1.03528,Short,0.29,0,0,0,0,0.29,LE,Mkt,3000047258
58890073,EUR/USD,34000,08/14/2013 12:03:00,08/14/2013 13:32:00,1.32552,1.32615,Short,-21.42,0,0,0,0,-21.42,LE,SE,3000047258
58923418,GBP/USD,17000,08/15/2013 10:10:00,08/15/2013 10:17:00,1.55185,1.55309,Long,-21.08,0,0,0,0,-21.08,Mkt,SE,3000047258
58920411,EUR/USD,2000,08/15/2013 11:13:00,08/15/2013 13:13:00,1.3256,1.32752,Short,-3.84,0,0,0,0,-3.84,LE,SE,3000047258
59103597,USD/CAD,9000,08/22/2013 10:59:00,08/22/2013 19:10:00,1.05084,1.05084,Short,0,0,0,0.13,0,0.13,LE,LE,3000047258
59198566,EUR/USD,11000,08/27/2013 09:25:00,08/27/2013 09:35:00,1.33599,1.33797,Short,-21.78,0,0,0,0,-21.78,LE,SE,3000047258
59199536,GBP/USD,7000,08/27/2013 09:40:00,08/28/2013 08:32:00,1.55438,1.54695,Short,52.01,0,0,-0.13,0,51.88,LE,SE,3000047258
59200650,EUR/USD,13000,08/27/2013 09:40:00,08/27/2013 09:45:00,1.33814,1.3398,Short,-21.58,0,0,0,0,-21.58,LE,SE,3000047258
59251683,GBP/USD,14000,08/28/2013 22:56:00,08/29/2013 02:46:00,1.55413,1.55113,Short,42,0,0,0,0,42,LE,LE,3000047258
59100426,EUR/USD,8000,08/29/2013 02:48:00,08/29/2013 06:14:00,1.32457,1.32703,Long,-19.68,0,0,0,0,-19.68,LE,SE,3000047258
59430260,EUR/USD,11000,09/05/2013 09:26:00,09/05/2013 15:34:00,1.31626,1.31222,Short,44.44,0,0,0,0,44.44,LE,Mkt,3000047258
59456223,USD/CAD,2000,09/06/2013 08:27:00,09/06/2013 08:30:00,1.04458,1.03974,Short,9.31,0,0,0,0,9.31,LE,Mkt,3000047258
59459878,EUR/USD,5000,09/06/2013 09:26:00,09/06/2013 09:40:00,1.3148,1.31452,Short,1.4,0,0,0,0,1.4,LE,Mkt,3000047258
59461749,GBP/USD,5000,09/06/2013 09:26:00,09/06/2013 13:56:00,1.56385,1.56279,Short,5.3,0,0,0,0,5.3,LE,Mkt,3000047258
59499597,GBP/USD,2000,09/09/2013 09:52:00,09/11/2013 04:30:00,1.56898,1.58152,Short,-25.08,0,0,-0.08,0,-25.16,Mkt,SE,3000047258
59496065,EUR/USD,14000,09/09/2013 10:19:00,09/09/2013 10:22:00,1.32201,1.32359,Short,-22.12,0,0,0,0,-22.12,LE,SE,3000047258
59532172,USD/CAD,29000,09/10/2013 08:52:00,09/10/2013 09:31:00,1.03443,1.03522,Short,-22.13,0,0,0,0,-22.13,LE,SE,3000047258
59664696,GBP/USD,18000,09/16/2013 13:16:00,09/16/2013 14:57:00,1.58969,1.59081,Long,-20.16,0,0,0,0,-20.16,LE,SE,3000047258
59664506,GBP/USD,11000,09/17/2013 06:13:00,09/17/2013 11:54:00,1.58995,1.58884,Long,12.21,0,0,0,0,12.21,LE,Mkt,3000047258
59685173,EUR/USD,18000,09/17/2013 09:17:00,09/17/2013 09:46:00,1.33445,1.33567,Long,-21.96,0,0,0,0,-21.96,Mkt,SE,3000047258
59690008,GBP/USD,16000,09/17/2013 12:47:00,09/17/2013 16:24:00,1.59065,1.59063,Short,0.32,0,0,0,0,0.32,LE,Mkt,3000047258
59744597,EUR/USD,15000,09/19/2013 08:30:00,09/19/2013 12:40:00,1.35151,1.35312,Long,-24.15,0,0,0,0,-24.15,LE,SE,3000047258
59809683,GBP/USD,8000,09/23/2013 12:09:00,09/23/2013 16:31:00,1.60469,1.60468,Short,0.08,0,0,0,0,0.08,LE,Mkt,3000047258
59830117,EUR/USD,12000,09/24/2013 08:18:00,09/24/2013 09:52:00,1.3488,1.34669,Long,25.32,0,0,0,0,25.32,Mkt,LE,3000047258
59832046,GBP/USD,12000,09/24/2013 09:52:00,09/24/2013 11:39:00,1.59846,1.60018,Short,-20.64,0,0,0,0,-20.64,LE,SE,3000047258
59839376,USD/CAD,13000,09/25/2013 02:43:00,09/25/2013 13:40:00,1.03087,1.03079,Short,1.01,0,0,0,0,1.01,LE,SE,3000047258
59858690,GBP/USD,7000,09/25/2013 10:00:00,09/26/2013 04:36:00,1.60728,1.60399,Short,23.03,0,0,-0.38,0,22.65,LE,LE,3000047258
59887828,EUR/USD,25000,09/26/2013 10:00:00,09/26/2013 10:09:00,1.3508,1.34969,Short,27.75,0,0,0,0,27.75,LE,LE,3000047258
59886497,GBP/USD,13000,09/26/2013 10:16:00,09/26/2013 14:32:00,1.60329,1.60125,Long,26.52,0,0,0,0,26.52,LE,Mkt,3000047258
59893899,USD/CAD,16000,09/26/2013 11:59:00,09/26/2013 16:35:00,1.03081,1.03215,Long,-20.8,0,0,0,0,-20.8,LE,SE,3000047258
59946978,EUR/USD,10000,09/30/2013 08:47:00,09/30/2013 10:34:00,1.35476,1.35259,Short,21.7,0,0,0,0,21.7,LE,Mkt,3000047258
59955743,EUR/USD,9000,10/01/2013 02:42:00,10/01/2013 04:50:00,1.35753,1.35502,Short,22.59,0,0,0,0,22.59,LE,LE,3000047258
59984929,GBP/USD,14000,10/01/2013 09:54:00,10/01/2013 10:00:00,1.61967,1.6214,Long,-24.22,0,0,0,0,-24.22,LE,SE,3000047258
60012765,EUR/USD,11000,10/02/2013 22:02:00,10/03/2013 06:17:00,1.36184,1.36091,Short,10.23,0,0,0,0,10.23,LE,Mkt,3000047258
60055859,EUR/USD,10000,10/04/2013 03:19:00,10/04/2013 06:24:00,1.35924,1.36142,Long,-21.8,0,0,0,0,-21.8,LE,SE,3000047258
60045554,GBP/USD,7000,10/04/2013 04:02:00,10/04/2013 04:45:00,1.60882,1.61196,Long,-21.98,0,0,0,0,-21.98,LE,SE,3000047258
60138760,AUD/USD,12000,10/08/2013 10:59:00,10/08/2013 12:06:00,0.94383,0.94552,Long,-20.28,0,0,0,0,-20.28,LE,SE,3000047258
60176053,GBP/USD,21000,10/09/2013 15:39:00,10/09/2013 21:10:00,1.59459,1.59552,Long,-19.53,0,0,0.76,0,-18.77,LE,SE,3000047258
60175202,AUD/USD,19000,10/09/2013 20:30:00,10/09/2013 21:17:00,0.94633,0.94316,Short,60.23,0,0,0,0,60.23,LE,Mkt,3000047258
60198841,AUD/USD,19000,10/10/2013 11:21:00,10/10/2013 21:56:00,0.94629,0.94748,Short,-22.61,0,0,-1.69,0,-24.3,LE,SE,3000047258
60200223,GBP/USD,11000,10/10/2013 11:27:00,10/10/2013 20:14:00,1.59688,1.59686,Short,0.22,0,0,-0.2,0,0.02,LE,LE,3000047258
60213039,AUD/USD,13000,10/10/2013 22:05:00,10/11/2013 09:00:00,0.94553,0.94727,Long,-22.62,0,0,0,0,-22.62,Mkt,SE,3000047258
60258239,GBP/USD,1000,10/14/2013 20:53:00,10/14/2013 21:21:00,1.59828,1.59603,Long,2.25,0,0,0,0,2.25,LE,LE,3000047258
60283664,USD/CHF,12000,10/16/2013 07:32:00,10/16/2013 11:08:00,0.91578,0.91043,Long,70.1,0,0,0,0,70.1,LE,SE,3000047258
60358537,AUD/USD,14000,10/17/2013 21:57:00,10/17/2013 22:00:00,0.96179,0.96309,Short,-18.2,0,0,0,0,-18.2,LE,SE,3000047258
60370100,AUD/NZD,11000,10/18/2013 10:33:00,10/18/2013 15:54:00,1.13918,1.13765,Long,14.28,0,0,0,0,14.28,LE,LE,3000047258
60413319,AUD/USD,18000,10/22/2013 08:42:00,10/22/2013 08:53:00,0.96855,0.9698,Long,-22.5,0,0,0,0,-22.5,LE,SE,3000047258
60449508,NZD/USD,10000,10/23/2013 10:59:00,10/23/2013 12:05:00,0.83897,0.83896,Short,0.1,0,0,0,0,0.1,LE,LE,3000047258
60449848,EUR/GBP,15000,10/23/2013 22:20:00,10/24/2013 09:06:00,0.85485,0.85135,Long,84.89,0,0,0,0,84.89,LE,LE,3000047258
60559721,AUD/USD,2000,10/29/2013 13:02:00,11/08/2013 08:55:00,0.93835,0.94812,Long,-19.54,0,0,1.02,0,-18.52,LE,SE,3000047258
60651435,GBP/CAD,10000,11/01/2013 08:47:00,11/01/2013 09:35:00,1.66433,1.66653,Short,-21.08,0,0,0,0,-21.08,LE,SE,3000047258
60741147,GBP/CAD,8000,11/06/2013 11:26:00,11/07/2013 07:00:00,1.67189,1.67457,Long,-20.6,0,0,-1.44,0,-22.04,LE,SE,3000047258
60858695,GBP/USD,5000,11/12/2013 08:11:00,11/12/2013 09:53:00,1.59041,1.59435,Short,-19.7,0,0,0,0,-19.7,LE,SE,3000047258
60939396,GBP/AUD,9000,11/14/2013 22:55:00,11/15/2013 01:09:00,1.72239,1.71862,Long,31.66,0,0,0,0,31.66,LE,LE,3000047258
60978108,GBP/NZD,10000,11/18/2013 08:53:00,11/18/2013 10:11:00,1.92579,1.92816,Short,-19.82,0,0,0,0,-19.82,LE,SE,3000047258
60981922,NZD/USD,13000,11/18/2013 10:58:00,11/18/2013 14:47:00,0.83439,0.8361,Long,-22.23,0,0,0,0,-22.23,LE,SE,3000047258
61063150,GBP/AUD,4000,11/20/2013 22:30:00,11/21/2013 02:21:00,1.731,1.72819,Long,10.45,0,0,0,0,10.45,LE,LE,3000047258
61083928,AUD/USD,5000,11/21/2013 14:49:00,11/21/2013 23:09:00,0.92259,0.91977,Short,14.1,0,0,-0.42,0,13.68,LE,SE,3000047258
61083811,EUR/AUD,4000,11/21/2013 20:08:00,11/21/2013 22:40:00,1.46641,1.45746,Long,32.86,0,0,0,0,32.86,LE,LE,3000047258
61107652,AUD/NZD,8000,11/22/2013 09:15:00,11/22/2013 11:04:00,1.12612,1.12343,Short,17.55,0,0,0,0,17.55,LE,Mkt,3000047258
61123122,EUR/CAD,10000,11/24/2013 21:14:00,11/25/2013 02:53:00,1.43234,1.42893,Long,32.23,0,0,0,0,32.23,LE,Mkt,3000047258
61137874,USD/CHF,7000,11/25/2013 11:13:00,11/25/2013 19:02:00,0.91272,0.91094,Short,13.68,0,0,-0.09,0,13.59,LE,Mkt,3000047258
61151492,USD/CHF,7000,11/25/2013 11:13:00,11/25/2013 21:50:00,0.91272,0.9113,Short,10.91,0,0,-0.08,0,10.83,LE,SE,3000047258
61152491,EUR/GBP,8000,11/25/2013 21:46:00,11/26/2013 04:48:00,0.8374,0.83728,Short,1.55,0,0,0,0,1.55,LE,Mkt,3000047258
61165870,AUD/USD,10000,11/26/2013 09:21:00,11/26/2013 10:58:00,0.90969,0.91196,Short,-22.7,0,0,0,0,-22.7,LE,SE,3000047258
61172863,USD/JPY,1000,11/26/2013 13:00:00,11/26/2013 13:06:00,101.259,101.24,Short,0.19,0,0,0,0,0.19,Mkt,LE,3000047258
61247821,EUR/GBP,12000,12/02/2013 00:55:00,12/03/2013 06:02:00,0.82881,0.8265,Short,45.5,0,0,0.1,0,45.6,LE,LE,3000047258
61244834,GBP/CAD,9000,12/02/2013 02:02:00,12/02/2013 06:41:00,1.74292,1.74208,Long,7.1,0,0,0,0,7.1,LE,SE,3000047258
61243134,GBP/USD,7000,12/02/2013 04:27:00,12/02/2013 06:23:00,1.63826,1.63836,Long,-0.7,0,0,0,0,-0.7,LE,SE,3000047258
61260729,GBP/CHF,7000,12/02/2013 08:55:00,12/02/2013 10:41:00,1.48465,1.48796,Long,-25.55,0,0,0,0,-25.55,LE,SE,3000047258
61243713,AUD/CAD,6000,12/02/2013 08:57:00,12/02/2013 11:26:00,0.96697,0.97032,Long,-18.9,0,0,0,0,-18.9,LE,SE,3000047258
61293600,EUR/CAD,6000,12/03/2013 09:37:00,12/03/2013 10:32:00,1.44884,1.44692,Long,10.8,0,0,0,0,10.8,Mkt,Mkt,3000047258
61295586,EUR/CAD,6000,12/03/2013 09:37:00,12/03/2013 14:59:00,1.44719,1.44692,Long,1.52,0,0,0,0,1.52,Mkt,SE,3000047258
61293208,AUD/NZD,7000,12/03/2013 10:18:00,12/03/2013 17:01:00,1.10727,1.11157,Short,-24.8,0,0,0.01,0,-24.79,LE,SE,3000047258
61307064,EUR/AUD,7000,12/03/2013 19:52:00,12/03/2013 20:08:00,1.49737,1.49578,Short,10.11,0,0,0,0,10.11,LE,Mkt,3000047258
61307795,EUR/AUD,7000,12/03/2013 19:52:00,12/03/2013 20:39:00,1.49737,1.4991,Short,-10.98,0,0,0,0,-10.98,LE,SE,3000047258
61310281,GBP/CHF,8000,12/04/2013 03:35:00,12/04/2013 04:28:00,1.47658,1.4815,Long,-43.49,0,0,0,0,-43.49,LE,SE,3000047258
61321751,EUR/USD,14000,12/04/2013 08:44:00,12/04/2013 09:01:00,1.35396,1.35559,Long,-22.82,0,0,0,0,-22.82,LE,SE,3000047258
61419201,EUR/CAD,4000,12/09/2013 11:38:00,12/09/2013 13:48:00,1.46204,1.45979,Long,8.46,0,0,0,0,8.46,LE,Mkt,3000047258
61422400,EUR/CAD,5000,12/09/2013 11:38:00,12/09/2013 13:49:00,1.46199,1.45979,Long,10.34,0,0,0,0,10.34,LE,SE,3000047258
61422692,GBP/CAD,12000,12/09/2013 14:03:00,12/09/2013 16:50:00,1.74622,1.74844,Long,-25.06,0,0,0,0,-25.06,Mkt,SE,3000047258
61440067,GBP/NZD,1000,12/10/2013 08:46:00,12/10/2013 08:49:00,1.97805,1.97799,Short,0.05,0,0,0,0,0.05,Mkt,Mkt,3000047258
61447505,EUR/CAD,11000,12/10/2013 13:11:00,12/10/2013 16:57:00,1.45881,1.46079,Long,-20.54,0,0,0,0,-20.54,LE,SE,3000047258
61449490,AUD/USD,9000,12/10/2013 14:31:00,12/10/2013 16:27:00,0.9156,0.91534,Long,2.34,0,0,0,0,2.34,Mkt,Mkt,3000047258
61543177,EUR/JPY,7000,12/15/2013 19:03:00,12/15/2013 21:37:00,141.564,141.844,Long,-19.05,0,0,0,0,-19.05,LE,SE,3000047258
61863791,NZD/USD,1000,01/03/2014 09:22:00,01/03/2014 11:06:00,0.82993,0.82985,Short,0.08,0,0,0,0,0.08,Mkt,Mkt,3000047258
61900535,USD/DKK,20000,01/06/2014 10:52:00,01/06/2014 13:09:00,5.46358,5.46988,Long,-23.06,0,0,0,0,-23.06,LE,SE,3000047258
61926616,EUR/USD,7000,01/07/2014 10:04:00,01/07/2014 12:47:00,1.36307,1.36023,Long,19.88,0,0,0,0,19.88,LE,Mkt,3000047258
61932303,EUR/USD,6000,01/07/2014 10:04:00,01/07/2014 14:05:00,1.3612,1.36023,Long,5.82,0,0,0,0,5.82,LE,SE,3000047258
61953959,AUD/USD,14000,01/08/2014 09:13:00,01/08/2014 10:03:00,0.89372,0.89535,Short,-22.82,0,0,0,0,-22.82,LE,SE,3000047258
61955457,GBP/USD,12000,01/08/2014 10:03:00,01/08/2014 11:39:00,1.64597,1.64595,Short,0.24,0,0,0,0,0.24,LE,LE,3000047258
62017303,GBP/USD,12000,01/10/2014 12:24:00,01/10/2014 15:42:00,1.64819,1.64634,Long,22.2,0,0,0,0,22.2,LE,LE,3000047258
62081203,GBP/CAD,1000,01/14/2014 09:30:00,01/14/2014 09:31:00,1.79233,1.79234,Short,-0.01,0,0,0,0,-0.01,Mkt,Mkt,3000047258
62081268,GBP/CAD,12000,01/14/2014 09:50:00,01/14/2014 09:56:00,1.7933,1.7952,Short,-20.86,0,0,0,0,-20.86,LE,SE,3000047258
62093549,EUR/USD,11000,01/14/2014 20:34:00,01/14/2014 20:43:00,1.36394,1.36575,Long,-19.91,0,0,0,0,-19.91,LE,SE,3000047258
62152750,NZD/USD,4000,01/16/2014 21:07:00,01/16/2014 21:20:00,0.83,0.83143,Long,-5.72,0,0,0,0,-5.72,LE,SE,3000047258
62224762,USD/JPY,16000,01/21/2014 10:25:00,01/21/2014 11:13:00,104.138,104.262,Long,-19.05,0,0,0,0,-19.05,LE,SE,3000047258
62222863,EUR/USD,14000,01/21/2014 11:14:00,01/21/2014 11:21:00,1.35533,1.35683,Short,-21,0,0,0,0,-21,LE,SE,3000047258
62241234,EUR/JPY,2000,01/21/2014 23:05:00,01/22/2014 00:02:00,141.384,141.132,Long,4.83,0,0,0,0,4.83,Mkt,LE,3000047258
62235916,EUR/USD,5000,01/23/2014 02:58:00,01/23/2014 03:28:00,1.35901,1.36134,Short,-11.65,0,0,0,0,-11.65,LE,SE,3000047258
62387650,EUR/AUD,10000,01/28/2014 01:12:00,01/28/2014 02:52:00,1.55983,1.55583,Short,35.14,0,0,0,0,35.14,LE,LE,3000047258
62453145,AUD/USD,12000,01/30/2014 06:32:00,01/30/2014 08:04:00,0.87652,0.87826,Short,-20.88,0,0,0,0,-20.88,LE,SE,3000047258
62520564,USD/JPY,14000,02/02/2014 22:28:00,02/02/2014 23:27:00,102.344,102.335,Long,1.23,0,0,0,0,1.23,LE,Mkt,3000047258
62543455,USD/DKK,20000,02/03/2014 12:15:00,02/03/2014 12:33:00,5.51623,5.52246,Short,-22.56,0,0,0,0,-22.56,LE,SE,3000047258
62581159,USD/CAD,1000,02/04/2014 11:51:00,02/05/2014 05:31:00,1.1054,1.10514,Long,0.24,0,0,-0.03,0,0.21,Mkt,Mkt,3000047258
62582112,EUR/USD,17000,02/04/2014 12:17:00,02/04/2014 12:54:00,1.35077,1.35199,Short,-20.74,0,0,0,0,-20.74,Mkt,SE,3000047258
62582268,USD/CAD,7000,02/05/2014 09:29:00,02/06/2014 08:29:00,1.10999,1.10535,Short,29.38,0,0,0.29,0,29.67,LE,Mkt,3000047258
62731982,AUD/CAD,16000,02/11/2014 09:34:00,02/11/2014 10:37:00,0.99665,0.99797,Short,-19.12,0,0,0,0,-19.12,LE,SE,3000047258
62757378,GBP/CHF,9000,02/12/2014 06:30:00,02/12/2014 06:36:00,1.48616,1.48859,Short,-24.3,0,0,0,0,-24.3,LE,SE,3000047258
62757629,GBP/AUD,8000,02/12/2014 06:36:00,02/12/2014 07:16:00,1.82697,1.82951,Long,-18.38,0,0,0,0,-18.38,LE,SE,3000047258
62778303,EUR/USD,1000,02/12/2014 21:00:00,02/12/2014 22:55:00,1.36075,1.36186,Short,-1.11,0,0,0,0,-1.11,LE,SE,3000047258
62798119,USD/JPY,1000,02/13/2014 10:52:00,02/13/2014 10:54:00,102.039,102.149,Short,-1.08,0,0,0,0,-1.08,LE,SE,3000047258
62837964,AUD/CAD,7000,02/16/2014 20:06:00,02/17/2014 04:54:00,0.98994,0.99261,Long,-17.06,0,0,0,0,-17.06,LE,SE,3000047258
62887825,AUD/CAD,12000,02/18/2014 20:23:00,02/19/2014 07:05:00,0.9881,0.98509,Long,33.01,0,0,0,0,33.01,Mkt,LE,3000047258
63013258,AUD/USD,13000,02/25/2014 19:08:00,02/25/2014 19:09:00,0.89792,0.89937,Long,-18.85,0,0,0,0,-18.85,LE,SE,3000047258
63037848,USD/CHF,13000,02/26/2014 09:21:00,02/26/2014 09:52:00,0.88975,0.89136,Short,-23.48,0,0,0,0,-23.48,LE,SE,3000047258
63084160,USD/JPY,1000,02/27/2014 19:56:00,02/27/2014 22:14:00,101.805,101.927,Long,-1.2,0,0,0,0,-1.2,Mkt,SE,3000047258
63171109,USD/CHF,6000,03/04/2014 13:41:00,03/05/2014 05:14:00,0.88698,0.88868,Short,-11.48,0,0,-0.05,0,-11.53,LE,SE,3000047258
63169734,EUR/USD,7000,03/05/2014 05:14:00,03/06/2014 07:01:00,1.37541,1.37111,Long,30.1,0,0,0.02,0,30.12,LE,LE,3000047258
63173122,EUR/JPY,6000,03/05/2014 22:26:00,03/05/2014 23:53:00,140.871,141.036,Short,-9.64,0,0,0,0,-9.64,LE,SE,3000047258
63233541,AUD/CAD,1000,03/06/2014 19:39:00,03/06/2014 19:43:00,0.99723,0.99913,Long,-1.73,0,0,0,0,-1.73,LE,SE,3000047258
63274108,GBP/AUD,3000,03/10/2014 07:49:00,03/10/2014 20:04:00,1.84241,1.83972,Long,7.29,0,0,-0.41,0,6.88,LE,SE,3000047258
63310027,NZD/USD,6000,03/12/2014 07:23:00,03/12/2014 13:53:00,0.84806,0.84477,Long,19.74,0,0,0,0,19.74,LE,SE,3000047258
63344494,EUR/JPY,7000,03/13/2014 00:31:00,03/13/2014 00:56:00,143.22,143.349,Short,-8.78,0,0,0,0,-8.78,LE,SE,3000047258
63303220,GBP/USD,6000,03/13/2014 03:06:00,03/13/2014 07:34:00,1.66808,1.67028,Short,-13.2,0,0,0,0,-13.2,LE,SE,3000047258
63406416,USD/CHF,8000,03/16/2014 22:22:00,03/17/2014 03:16:00,0.87295,0.87412,Short,-10.71,0,0,0,0,-10.71,LE,SE,3000047258
63787236,NZD/USD,5000,04/07/2014 21:05:00,04/07/2014 21:35:00,0.86199,0.86294,Short,-4.75,0,0,0,0,-4.75,LE,SE,3000047258
63786724,GBP/USD,4000,04/08/2014 03:01:00,04/08/2014 04:16:00,1.66369,1.66468,Short,-3.96,0,0,0,0,-3.96,LE,SE,3000047258
63811871,EUR/JPY,2000,04/09/2014 06:06:00,04/09/2014 15:38:00,140.933,141.208,Short,-5.4,0,0,0,0,-5.4,LE,SE,3000047258
63824363,GBP/NZD,1000,04/09/2014 11:01:00,04/09/2014 14:27:00,1.9359,1.92747,Short,7.34,0,0,0,0,7.34,LE,LE,3000047258
63852432,USD/JPY,2000,04/10/2014 10:45:00,04/10/2014 11:24:00,101.341,101.576,Long,-4.64,0,0,0,0,-4.64,LE,SE,3000047258
63850996,GBP/AUD,2000,04/10/2014 19:52:00,04/10/2014 20:05:00,1.78492,1.78733,Short,-4.53,0,0,0,0,-4.53,LE,SE,3000047258
65044550,EUR/USD,5000,06/25/2014 02:48:00,06/25/2014 05:30:00,1.36167,1.36057,Short,5.5,0,0,0,0,5.5,LE,LE,3000047258
65044963,EUR/USD,5000,06/25/2014 02:48:00,06/25/2014 08:30:00,1.36167,1.36329,Short,-8.1,0,0,0,0,-8.1,LE,SE,3000047258
65083711,AUD/USD,5000,06/26/2014 21:37:00,06/26/2014 23:36:00,0.94249,0.94341,Short,-4.6,0,0,0,0,-4.6,LE,SE,3000047258
65083718,AUD/USD,5000,06/26/2014 21:37:00,06/26/2014 23:36:00,0.94249,0.94341,Short,-4.6,0,0,0,0,-4.6,LE,SE,3000047258
65120283,USD/JPY,14000,06/30/2014 20:58:00,06/30/2014 22:32:00,101.43,101.526,Short,-13.24,0,0,0,0,-13.24,LE,SE,3000047258
65120104,AUD/USD,14000,06/30/2014 20:59:00,06/30/2014 21:37:00,0.94237,0.94308,Short,-9.94,0,0,0,0,-9.94,LE,SE,3000047258
65120397,EUR/JPY,14000,06/30/2014 20:59:00,06/30/2014 21:59:00,138.886,138.972,Short,-11.86,0,0,0,0,-11.86,LE,SE,3000047258
65137959,NZD/USD,4000,07/01/2014 21:31:00,07/02/2014 03:45:00,0.8769,0.87544,Long,5.84,0,0,0,0,5.84,LE,LE,3000047258
65138227,NZD/USD,4000,07/01/2014 21:31:00,07/03/2014 08:25:00,0.87685,0.87544,Long,5.64,0,0,0.78,0,6.42,LE,Mkt,3000047258
65139035,AUD/CAD,10000,07/01/2014 21:33:00,07/01/2014 22:09:00,1.00641,1.00775,Long,-12.59,0,0,0,0,-12.59,Mkt,SE,3000047258
65194300,NZD/USD,3000,07/07/2014 08:24:00,07/07/2014 09:50:00,0.87461,0.87605,Short,-4.32,0,0,0,0,-4.32,LE,SE,3000047258
65194342,NZD/USD,3000,07/07/2014 08:24:00,07/07/2014 09:50:00,0.87461,0.87605,Short,-4.32,0,0,0,0,-4.32,LE,SE,3000047258
65240401,EUR/GBP,3000,07/10/2014 04:45:00,07/10/2014 09:34:00,0.79647,0.79497,Short,7.7,0,0,0,0,7.7,LE,LE,3000047258
65240431,EUR/GBP,3000,07/10/2014 04:45:00,07/11/2014 11:20:00,0.79647,0.79505,Short,7.29,0,0,0.03,0,7.32,LE,LE,3000047258
65281567,AUD/CAD,3000,07/13/2014 23:10:00,07/14/2014 11:53:00,1.00901,1.00693,Short,5.82,0,0,0,0,5.82,LE,LE,3000047258
65281581,AUD/CAD,1000,07/13/2014 23:10:00,07/15/2014 20:25:00,1.00901,1.008,Short,0.94,0,0,-0.13,0,0.81,LE,Mkt,3000047258
65320769,AUD/CAD,2000,07/13/2014 23:10:00,07/15/2014 22:14:00,1.00901,1.00619,Short,5.24,0,0,-0.27,0,4.97,LE,Mkt,3000047258
65279751,USD/CAD,3000,07/14/2014 01:44:00,07/14/2014 08:56:00,1.07436,1.07264,Short,4.81,0,0,0,0,4.81,LE,LE,3000047258
65279768,USD/CAD,3000,07/14/2014 01:44:00,07/15/2014 10:52:00,1.07436,1.07607,Short,-4.77,0,0,0.05,0,-4.72,LE,SE,3000047258
65278884,EUR/GBP,2000,07/14/2014 08:00:00,07/15/2014 04:30:00,0.79653,0.79512,Short,4.83,0,0,0.02,0,4.85,LE,LE,3000047258
65278925,EUR/GBP,2000,07/14/2014 08:00:00,07/15/2014 05:50:00,0.79653,0.79353,Short,10.28,0,0,0.02,0,10.3,LE,Mkt,3000047258
65282019,GBP/USD,3000,07/15/2014 07:03:00,07/15/2014 08:09:00,1.71533,1.71706,Short,-5.19,0,0,0,0,-5.19,LE,SE,3000047258
65282037,GBP/USD,3000,07/15/2014 07:03:00,07/15/2014 08:09:00,1.71533,1.71706,Short,-5.19,0,0,0,0,-5.19,LE,SE,3000047258
65320265,NZD/USD,5000,07/15/2014 22:05:00,07/15/2014 22:10:00,0.87082,0.87185,Long,-5.15,0,0,0,0,-5.15,LE,SE,3000047258
65320279,NZD/USD,4000,07/15/2014 22:05:00,07/15/2014 22:10:00,0.87082,0.87185,Long,-4.12,0,0,0,0,-4.12,LE,SE,3000047258
65320871,AUD/NZD,3000,07/16/2014 21:07:00,07/17/2014 01:39:00,1.0762,1.07798,Short,-4.65,0,0,0,0,-4.65,LE,SE,3000047258
65321412,AUD/NZD,2000,07/16/2014 21:07:00,07/17/2014 01:39:00,1.0762,1.07798,Short,-3.1,0,0,0,0,-3.1,LE,SE,3000047258
65495144,AUD/NZD,2000,07/29/2014 00:51:00,07/30/2014 07:29:00,1.10304,1.10066,Short,4.05,0,0,0.03,0,4.08,LE,LE,3000047258
65495166,AUD/NZD,2000,07/29/2014 00:51:00,08/01/2014 06:01:00,1.10304,1.09633,Short,11.36,0,0,0.19,0,11.55,LE,SE,3000047258
65481218,USD/CAD,4000,07/29/2014 08:15:00,07/29/2014 10:04:00,1.08184,1.08314,Short,-4.8,0,0,0,0,-4.8,LE,SE,3000047258
65481246,USD/CAD,4000,07/29/2014 08:15:00,07/29/2014 10:04:00,1.08184,1.08314,Short,-4.8,0,0,0,0,-4.8,LE,SE,3000047258
65511626,GBP/USD,9000,07/30/2014 20:35:00,07/31/2014 01:34:00,1.69161,1.69272,Short,-9.99,0,0,0,0,-9.99,LE,SE,3000047258
65494593,GBP/AUD,2000,07/30/2014 21:32:00,07/30/2014 21:43:00,1.81726,1.815,Short,4.21,0,0,0,0,4.21,LE,LE,3000047258
65495085,GBP/AUD,2000,07/30/2014 21:32:00,08/01/2014 08:30:00,1.81726,1.81055,Short,12.48,0,0,0.13,0,12.61,LE,LE,3000047258
65189278,AUD/USD,3000,07/31/2014 08:25:00,07/31/2014 10:36:00,0.93027,0.92857,Long,5.1,0,0,0,0,5.1,LE,LE,3000047258
65189899,AUD/USD,3000,07/31/2014 08:25:00,07/31/2014 21:22:00,0.93032,0.92857,Long,5.25,0,0,0.12,0,5.37,LE,LE,3000047258
65622318,NZD/USD,2000,08/05/2014 18:45:00,08/05/2014 20:42:00,0.84248,0.84445,Long,-3.94,0,0,0,0,-3.94,LE,SE,3000047258
65622482,NZD/USD,2000,08/05/2014 18:45:00,08/05/2014 20:42:00,0.84248,0.84445,Long,-3.94,0,0,0,0,-3.94,LE,SE,3000047258
65655194,EUR/USD,3000,08/06/2014 12:17:00,08/07/2014 08:32:00,1.33772,1.33606,Short,4.98,0,0,0.03,0,5.01,LE,LE,3000047258
65655285,EUR/USD,3000,08/06/2014 12:17:00,08/07/2014 08:55:00,1.33772,1.33938,Short,-4.98,0,0,0.03,0,-4.95,LE,SE,3000047258
65677558,GBP/AUD,3000,08/07/2014 00:59:00,08/07/2014 01:16:00,1.81701,1.81901,Short,-5.56,0,0,0,0,-5.56,LE,SE,3000047258
65677569,GBP/AUD,2000,08/07/2014 00:59:00,08/07/2014 01:16:00,1.81701,1.81901,Short,-3.71,0,0,0,0,-3.71,LE,SE,3000047258
65751725,GBP/USD,1000,08/13/2014 05:31:00,08/13/2014 05:36:00,1.67318,1.67691,Long,-3.73,0,0,0,0,-3.73,LE,SE,3000047258
65751800,GBP/USD,1000,08/13/2014 05:31:00,08/13/2014 05:36:00,1.67318,1.67691,Long,-3.73,0,0,0,0,-3.73,LE,SE,3000047258
65623307,USD/CAD,3000,08/15/2014 08:54:00,08/15/2014 10:54:00,1.08906,1.08691,Long,5.92,0,0,0,0,5.92,LE,LE,3000047258
65623372,USD/CAD,2000,08/15/2014 08:54:00,08/19/2014 11:37:00,1.09308,1.08691,Long,11.29,0,0,-0.12,0,11.17,LE,LE,3000047258
65885400,GBP/AUD,1000,08/21/2014 20:09:00,08/21/2014 22:25:00,1.77967,1.78138,Long,-1.59,0,0,0,0,-1.59,LE,SE,3000047258
65885435,GBP/AUD,1000,08/21/2014 20:09:00,08/21/2014 22:25:00,1.77967,1.78138,Long,-1.59,0,0,0,0,-1.59,LE,SE,3000047258
65829571,AUD/CAD,3000,08/22/2014 03:54:00,08/22/2014 08:30:00,1.02022,1.02195,Short,-4.73,0,0,0,0,-4.73,LE,SE,3000047258
65829653,AUD/CAD,3000,08/22/2014 03:54:00,08/22/2014 08:30:00,1.02022,1.02195,Short,-4.73,0,0,0,0,-4.73,LE,SE,3000047258
65885278,USD/CAD,4000,08/22/2014 08:30:00,08/22/2014 08:30:00,1.09785,1.0965,Short,4.92,0,0,0,0,4.92,LE,LE,3000047258
65885298,USD/CAD,4000,08/22/2014 08:30:00,08/22/2014 08:31:00,1.09785,1.0952,Short,9.68,0,0,0,0,9.68,LE,LE,3000047258
65908061,USD/CAD,4000,08/25/2014 11:59:00,08/25/2014 18:57:00,1.0979,1.0991,Short,-4.37,0,0,0.06,0,-4.31,LE,SE,3000047258
65908105,USD/CAD,4000,08/25/2014 11:59:00,08/25/2014 18:57:00,1.0979,1.0991,Short,-4.37,0,0,0.06,0,-4.31,LE,SE,3000047258
65942530,USD/CAD,4000,08/27/2014 01:40:00,08/27/2014 03:17:00,1.09041,1.09164,Long,-4.51,0,0,0,0,-4.51,LE,SE,3000047258
65942677,USD/CAD,4000,08/27/2014 01:40:00,08/27/2014 03:17:00,1.09041,1.09164,Long,-4.51,0,0,0,0,-4.51,LE,SE,3000047258
65991014,EUR/AUD,7000,08/28/2014 20:13:00,08/29/2014 05:00:00,1.40989,1.4099,Short,-0.07,0,0,0,0,-0.07,LE,SE,3000047258
65909056,GBP/CHF,5000,08/29/2014 03:46:00,08/29/2014 04:52:00,1.52048,1.51942,Short,5.79,0,0,0,0,5.79,LE,LE,3000047258
65909184,GBP/CHF,5000,08/29/2014 03:46:00,08/29/2014 11:19:00,1.52048,1.52152,Short,-5.67,0,0,0,0,-5.67,LE,SE,3000047258
65991066,USD/CAD,3000,09/01/2014 22:58:00,09/02/2014 05:00:00,1.08946,1.09117,Short,-4.7,0,0,0,0,-4.7,LE,SE,3000047258
65991075,USD/CAD,3000,09/01/2014 22:58:00,09/02/2014 05:00:00,1.08946,1.09117,Short,-4.7,0,0,0,0,-4.7,LE,SE,3000047258
66069260,AUD/NZD,5000,09/04/2014 06:13:00,09/04/2014 06:13:00,1.12234,1.1226,Short,-1.08,0,0,0,0,-1.08,Mkt,Mkt,3000047258
66069269,AUD/NZD,5000,09/04/2014 06:14:00,09/04/2014 15:21:00,1.12548,1.12259,Long,12,0,0,0,0,12,Mkt,SE,3000047258
65909400,USD/CHF,4000,09/04/2014 07:45:00,09/04/2014 07:46:00,0.92182,0.92307,Short,-5.42,0,0,0,0,-5.42,LE,SE,3000047258
65909427,USD/CHF,3000,09/04/2014 07:45:00,09/04/2014 07:46:00,0.92182,0.92307,Short,-4.06,0,0,0,0,-4.06,LE,SE,3000047258
66064346,GBP/AUD,2000,09/04/2014 08:18:00,09/04/2014 08:33:00,1.75053,1.75319,Long,-4.99,0,0,0,0,-4.99,LE,SE,3000047258
66064368,GBP/AUD,2000,09/04/2014 08:18:00,09/04/2014 08:33:00,1.75053,1.75319,Long,-4.99,0,0,0,0,-4.99,LE,SE,3000047258
65835784,AUD/USD,3000,09/04/2014 08:34:00,09/04/2014 11:43:00,0.93807,0.9364,Short,5.01,0,0,0,0,5.01,LE,LE,3000047258
65835859,AUD/USD,3000,09/04/2014 08:34:00,09/04/2014 17:56:00,0.93807,0.93416,Short,11.73,0,0,-0.27,0,11.46,LE,LE,3000047258
66064144,GBP/CHF,3000,09/07/2014 17:00:00,09/07/2014 17:00:00,1.50456,1.50588,Long,-4.25,0,0,0,0,-4.25,LE,SE,3000047258
66064237,GBP/CHF,2000,09/07/2014 17:00:00,09/07/2014 17:00:00,1.50456,1.50588,Long,-2.84,0,0,0,0,-2.84,LE,SE,3000047258
66137722,GBP/CHF,3000,09/09/2014 04:30:00,09/09/2014 04:33:00,1.5108,1.50863,Short,6.95,0,0,0,0,6.95,LE,LE,3000047258
66137738,GBP/CHF,3000,09/09/2014 04:30:00,09/09/2014 09:25:00,1.5108,1.50742,Short,10.83,0,0,0,0,10.83,LE,SE,3000047258
65941254,USD/CAD,4000,09/09/2014 09:18:00,09/09/2014 10:57:00,1.10197,1.1006,Short,4.98,0,0,0,0,4.98,LE,LE,3000047258
65941287,USD/CAD,3000,09/09/2014 09:18:00,09/09/2014 15:29:00,1.10197,1.09899,Short,8.13,0,0,0,0,8.13,LE,LE,3000047258
65829245,EUR/GBP,4000,09/10/2014 05:00:00,09/10/2014 06:27:00,0.80543,0.80409,Short,8.63,0,0,0,0,8.63,LE,LE,3000047258
65829281,EUR/GBP,3000,09/10/2014 05:00:00,09/10/2014 09:13:00,0.80543,0.8007,Short,22.88,0,0,0,0,22.88,LE,SE,3000047258
66189971,AUD/USD,3000,09/10/2014 21:32:00,09/10/2014 22:10:00,0.92033,0.91845,Short,5.64,0,0,0,0,5.64,LE,LE,3000047258
66190141,AUD/USD,2000,09/10/2014 21:32:00,09/11/2014 02:40:00,0.92033,0.91655,Short,7.56,0,0,0,0,7.56,LE,LE,3000047258
66190286,EUR/NZD,1000,09/11/2014 04:01:00,09/11/2014 04:20:00,1.57972,1.58159,Short,-1.53,0,0,0,0,-1.53,LE,SE,3000047258
66210901,GBP/CAD,3000,09/11/2014 14:16:00,09/11/2014 15:08:00,1.79408,1.79216,Short,5.21,0,0,0,0,5.21,LE,LE,3000047258
66210970,GBP/CAD,2000,09/11/2014 14:16:00,09/11/2014 16:59:00,1.79408,1.79595,Short,-3.39,0,0,0,0,-3.39,LE,SE,3000047258
66138285,EUR/CAD,3000,09/12/2014 10:41:00,09/12/2014 11:51:00,1.43273,1.43479,Short,-5.58,0,0,0,0,-5.58,LE,SE,3000047258
66138311,EUR/CAD,2000,09/12/2014 10:41:00,09/12/2014 11:51:00,1.43273,1.43479,Short,-3.72,0,0,0,0,-3.72,LE,SE,3000047258
65828880,EUR/NZD,3000,09/14/2014 17:00:00,09/14/2014 17:00:00,1.59098,1.59322,Short,-5.48,0,0,0,0,-5.48,LE,SE,3000047258
65828962,EUR/NZD,2000,09/14/2014 17:00:00,09/14/2014 17:00:00,1.59098,1.59322,Short,-3.65,0,0,0,0,-3.65,LE,SE,3000047258
66262579,NZD/USD,5000,09/15/2014 21:12:00,09/15/2014 21:39:00,0.81904,0.82011,Short,-5.35,0,0,0,0,-5.35,LE,SE,3000047258
66262626,NZD/USD,4000,09/15/2014 21:12:00,09/15/2014 21:39:00,0.81904,0.82011,Short,-4.28,0,0,0,0,-4.28,LE,SE,3000047258
66345089,AUD/CAD,2000,09/19/2014 06:42:00,09/19/2014 08:08:00,0.98286,0.98471,Short,-3.37,0,0,0,0,-3.37,LE,SE,3000047258
66345212,AUD/CAD,3000,09/19/2014 06:42:00,09/19/2014 08:08:00,0.98286,0.98471,Short,-5.06,0,0,0,0,-5.06,LE,SE,3000047258
66316523,USD/CAD,3000,09/23/2014 11:58:00,09/23/2014 12:30:00,1.10614,1.10769,Short,-4.2,0,0,0,0,-4.2,LE,SE,3000047258
66316544,USD/CAD,3000,09/23/2014 11:58:00,09/23/2014 12:30:00,1.10614,1.10769,Short,-4.2,0,0,0,0,-4.2,LE,SE,3000047258
66284136,AUD/NZD,3000,09/26/2014 08:31:00,09/26/2014 09:57:00,1.11281,1.11459,Short,-4.21,0,0,0,0,-4.21,LE,SE,3000047258
66284154,AUD/NZD,3000,09/26/2014 08:31:00,09/26/2014 09:57:00,1.11281,1.11459,Short,-4.21,0,0,0,0,-4.21,LE,SE,3000047258
66559081,AUD/CAD,5000,09/30/2014 20:58:00,10/01/2014 21:50:00,0.97836,0.97841,Short,-0.22,0,0,-1.14,0,-1.36,Mkt,SE,3000047258
66558664,NZD/CAD,2000,10/01/2014 10:03:00,10/01/2014 10:46:00,0.87715,0.87514,Short,3.59,0,0,0,0,3.59,LE,LE,3000047258
66558762,NZD/CAD,3000,10/01/2014 10:03:00,10/01/2014 10:46:00,0.87715,0.87199,Short,13.83,0,0,0,0,13.83,LE,LE,3000047258
66589464,AUD/USD,2000,10/01/2014 22:37:00,10/02/2014 05:33:00,0.87962,0.87741,Short,4.42,0,0,0,0,4.42,LE,LE,3000047258
66589557,AUD/USD,2000,10/01/2014 22:37:00,10/02/2014 14:30:00,0.87962,0.8818,Short,-4.36,0,0,0,0,-4.36,LE,SE,3000047258
66586125,EUR/USD,4000,10/02/2014 09:14:00,10/02/2014 10:07:00,1.26827,1.263,Short,21.08,0,0,0,0,21.08,LE,LE,3000047258
66790312,GBP/CAD,4000,10/09/2014 20:34:00,10/09/2014 21:10:00,1.80321,1.80438,Short,-4.18,-0.48,0,0,0,-4.66,LE,SE,3000047258
66790320,GBP/CAD,4000,10/09/2014 20:34:00,10/09/2014 21:10:00,1.80321,1.80438,Short,-4.18,-0.48,0,0,0,-4.66,LE,SE,3000047258
67341446,EUR/GBP,5000,11/12/2014 06:24:00,11/12/2014 06:27:00,0.78771,0.78665,Short,8.41,-0.6,0,0,0,7.81,LE,LE,3000047258
67341557,EUR/GBP,5000,11/12/2014 06:24:00,11/12/2014 10:21:00,0.78771,0.78877,Short,-8.38,-0.6,0,0,0,-8.98,LE,SE,3000047258
67341716,USD/CAD,2000,11/12/2014 09:03:00,11/12/2014 09:50:00,1.13147,1.1287,Long,4.9,-0.24,0,0,0,4.66,LE,LE,3000047258
67341753,USD/CAD,1000,11/12/2014 09:03:00,11/13/2014 12:18:00,1.13642,1.1287,Long,6.79,-0.12,0,-0.08,0,6.59,LE,Mkt,3000047258
68544067,AUD/NZD,3000,01/04/2015 22:31:00,01/05/2015 00:20:00,1.05708,1.05533,Short,4.01,-0.36,0,0,0,3.65,LE,LE,3000047258
68544224,AUD/NZD,3000,01/04/2015 22:31:00,01/05/2015 16:36:00,1.05708,1.05251,Short,10.54,-0.36,0,0,0,10.18,LE,SE,3000047258
68544474,AUD/USD,3000,01/05/2015 21:33:00,01/05/2015 21:44:00,0.81356,0.81507,Short,-4.53,-0.24,0,0,0,-4.77,LE,SE,3000047258
68544654,AUD/USD,3000,01/05/2015 21:33:00,01/05/2015 21:44:00,0.81356,0.81507,Short,-4.53,-0.24,0,0,0,-4.77,LE,SE,3000047258
68695096,EUR/AUD,3000,01/11/2015 17:33:00,01/12/2015 04:46:00,1.44367,1.44731,Short,-8.92,-0.36,0,0,0,-9.28,Mkt,SE,3000047258
68695414,AUD/CAD,5000,01/11/2015 20:20:00,01/11/2015 23:08:00,0.97521,0.97748,Short,-9.58,-0.6,0,0,0,-10.18,LE,SE,3000047258
68698265,EUR/AUD,3000,01/12/2015 08:14:00,01/12/2015 09:50:00,1.45007,1.45316,Short,-7.55,-0.36,0,0,0,-7.91,LE,SE,3000047258
68698031,AUD/NZD,4000,01/13/2015 06:32:00,01/13/2015 09:29:00,1.05253,1.0552,Short,-8.24,-0.48,0,0,0,-8.72,LE,SE,3000047258
68766817,AUD/NZD,6000,01/13/2015 20:51:00,01/13/2015 20:54:00,1.05439,1.05528,Long,-4.13,-0.72,0,0,0,-4.85,LE,SE,3000047258
68987746,AUD/NZD,3000,01/23/2015 03:46:00,01/23/2015 07:55:00,1.06032,1.06354,Long,-7.19,-0.36,0,0,0,-7.55,LE,SE,3000047258
68610250,GBP/AUD,3000,01/23/2015 06:20:00,01/23/2015 07:43:00,1.88395,1.88776,Short,-9.06,-0.36,0,0,0,-9.42,LE,SE,3000047258
69030847,NZD/CAD,10000,01/23/2015 07:45:00,01/23/2015 16:14:00,0.92593,0.92533,Long,4.83,-1.2,0,0,0,3.63,LE,Mkt,3000047258
